,season,player,age,team,gs,cmp_pct,td_pct,int_pct,one_d,succ_pct,y_a,ay_a,y_c,y_g,qbr,sk_pct,four_qc,gwd,Wins,tot_TD,tot_Yds,cpoe,rtg,aggressiveness,db_epa,TO,MVP
0,2016,Drew Brees,37,NOR,16,70.0,5.5,2.2,265,53.9,7.7,7.84,11.1,325.5,66.8,3.86,2,4,7.0,39,5228,5.523344366892144,101.9048580834633,17.565011976533274,15.201859,19,0
1,2016,Matt Ryan,31,ATL,16,69.9,7.1,1.3,240,52.5,9.3,10.09,13.3,309.0,79.6,6.48,1,2,11.0,38,5061,8.852267949033266,119.7838210111718,21.1215266627873,31.68451,9,1
2,2016,Kirk Cousins,28,WAS,16,67.0,4.1,2.0,227,51.2,8.1,8.05,12.1,307.3,66.5,3.66,4,4,8.0,29,5013,8.643469232374043,98.98196062699684,14.256516048903626,19.124456,15,0
3,2016,Aaron Rodgers,33,GNB,16,65.7,6.6,1.1,226,49.6,7.3,8.05,11.0,276.8,72.4,5.43,0,2,10.0,44,4797,4.065957517115547,105.59582087694888,17.177051456063943,25.738424,11,0
4,2016,Philip Rivers,35,SDG,16,60.4,5.7,3.6,215,46.6,7.6,7.1,12.6,274.1,58.7,5.86,1,1,5.0,33,4421,0.6646846063862422,90.02229695885178,18.681551893990783,8.985894,26,0
5,2016,Matthew Stafford,28,DET,16,65.3,4.0,1.7,218,48.0,7.3,7.34,11.2,270.4,65.2,5.86,8,8,9.0,26,4534,4.588778162674122,92.98088328699434,20.536099524472977,16.612915,12,0
6,2016,Joe Flacco,31,BAL,16,64.9,3.0,2.2,204,43.0,6.4,6.01,9.9,269.8,52.5,4.68,2,2,8.0,22,4375,0.488786584090128,83.82869256444006,16.766510856974406,-2.7531295,18,0
7,2016,Andrew Luck,27,IND,15,63.5,5.7,2.4,206,48.5,7.8,7.84,12.3,282.7,65.9,7.0,4,4,8.0,33,4581,5.081321596930868,97.08577960816076,18.202379634540183,14.2701645,18,0
8,2016,Carson Palmer,37,ARI,15,61.0,4.4,2.3,220,46.9,7.1,6.91,11.6,282.2,52.9,6.28,1,3,6.0,26,4271,2.9366916518575557,88.81832891829492,19.700794730928823,6.259583,18,0
9,2016,Russell Wilson,28,SEA,16,64.7,3.8,2.0,193,47.2,7.7,7.59,12.0,263.7,57.1,6.98,4,3,10.0,23,4478,6.163126792994509,95.3658735842896,18.502770003300544,9.190615,13,0
10,2016,Andy Dalton,29,CIN,16,64.7,3.2,1.4,206,47.8,7.5,7.47,11.6,262.9,52.3,6.79,2,1,6.0,22,4390,6.787697270285625,93.59124014607754,17.530758116416365,11.616893,11,0
11,2016,Jameis Winston,22,TAM,16,60.8,4.9,3.2,216,47.8,7.2,6.77,11.9,255.6,59.5,5.81,1,3,9.0,29,4255,3.0677659812116502,87.73862891779348,22.17530552258409,11.244229,24,0
12,2016,Eli Manning,35,NYG,16,63.0,4.3,2.7,191,45.1,6.7,6.4,10.7,251.7,45.7,3.39,3,6,11.0,26,4018,-0.0818787541066774,87.2689536364282,20.877712560363427,-3.2085261,20,0
13,2016,Derek Carr,25,OAK,15,63.8,5.0,1.1,191,45.1,7.0,7.55,11.0,262.5,56.1,2.78,7,7,12.0,28,4007,3.7565695758603095,96.13440087287344,19.43793680271647,16.045588,9,0
14,2016,Blake Bortles,24,JAX,16,58.9,3.7,2.6,207,42.9,6.2,5.83,10.6,244.1,43.0,5.16,1,1,3.0,27,4264,0.1129481036476755,78.34026104578047,24.11814057213072,1.1646597,22,0
15,2016,Sam Bradford,29,MIN,15,71.6,3.6,0.9,199,49.1,7.0,7.34,9.8,258.5,53.1,6.28,1,1,7.0,20,3930,8.218922750113332,99.56583305767208,19.928680653691263,7.0758266,10,0
16,2016,Ben Roethlisberger,34,PIT,14,64.4,5.7,2.6,184,48.7,7.5,7.49,11.6,272.8,60.5,3.23,2,2,10.0,30,3833,0.2321569035042559,93.8315570096748,15.462023209440993,17.91161,15,0
17,2016,Carson Wentz,24,PHI,16,62.4,2.6,2.3,192,44.2,6.2,5.72,10.0,236.4,46.7,5.16,1,1,7.0,18,3932,0.5475251836692595,80.36340826845229,21.347715960214728,4.3102646,17,0
18,2016,Dak Prescott,23,DAL,16,67.8,5.0,0.9,185,52.3,8.0,8.6,11.8,229.2,77.6,5.17,5,5,13.0,29,3949,9.07647211252308,107.955274319704,20.411651126912464,24.29592,8,0
19,2016,Cam Newton,27,CAR,14,52.9,3.7,2.7,173,40.7,6.9,6.39,13.0,233.9,47.1,6.59,0,0,6.0,24,3868,-0.935108217519144,75.69224727906331,24.39380326040003,-3.8393557,16,0
20,2016,Alex Smith,32,KAN,15,67.1,3.1,1.6,182,48.0,7.2,7.04,10.7,233.5,60.8,5.42,3,3,11.0,20,3636,0.4221256624766378,91.46032229593332,15.75277792166492,10.296537,12,0
21,2016,Marcus Mariota,23,TEN,15,61.2,5.8,2.0,157,45.1,7.6,7.85,12.4,228.4,59.1,4.85,2,2,8.0,28,3775,2.0272452065414672,96.0573817646992,18.921453842674865,12.589842,14,0
22,2016,Trevor Siemian,25,DEN,14,59.5,3.7,2.1,155,44.5,7.0,6.81,11.8,242.9,49.7,6.0,3,2,8.0,18,3458,2.3373476836770855,84.59720246991048,20.185338874064794,0.35593495,12,0
23,2016,Tyrod Taylor,27,BUF,15,61.7,3.9,1.4,148,43.1,6.9,7.09,11.2,201.5,62.4,8.79,1,1,7.0,23,3603,1.5281408588191303,90.37105460425552,14.983765786077864,10.375664,8,0
24,2016,Brock Osweiler,26,HOU,14,59.0,2.9,3.1,154,42.5,5.8,4.97,9.8,197.1,49.3,5.03,2,2,8.0,17,3088,-0.3202442903040622,73.54369219289151,21.59376378556377,-2.834306,17,0
25,2017,Tom Brady,40,NWE,16,66.3,5.5,1.4,230,49.7,7.9,8.36,11.9,286.1,71.1,5.68,2,2,13.0,32,4605,0.9090545186337132,103.52684685088572,17.968184039140645,26.081955,11,1
26,2017,Philip Rivers,36,LAC,16,62.6,4.9,1.7,217,46.4,7.9,8.04,12.5,282.2,61.3,3.04,2,2,9.0,28,4513,-2.6488887721763383,96.40698031551916,16.946598412533774,20.688698,11,0
27,2017,Matthew Stafford,29,DET,16,65.7,5.1,1.8,210,45.6,7.9,8.1,12.0,277.9,65.3,7.68,1,4,9.0,29,4544,2.08721464457551,101.66989531739353,19.215833553634543,8.450043,17,0
28,2017,Drew Brees,38,NOR,16,72.0,4.3,1.5,203,51.6,8.1,8.27,11.2,270.9,63.1,3.6,2,2,11.0,25,4346,3.638211004815157,104.73566870357764,16.647912230041783,14.02346,8,0
29,2017,Ben Roethlisberger,35,PIT,15,64.2,5.0,2.5,204,47.9,7.6,7.45,11.8,283.4,67.2,3.61,3,4,12.0,28,4298,-0.2447596669330389,96.15144809000726,19.34391293509845,18.346712,15,0
30,2017,Matt Ryan,32,ATL,16,64.7,3.8,2.3,199,49.9,7.7,7.48,12.0,255.9,66.7,4.34,2,3,10.0,20,4238,1.0546637679413655,92.61581378839314,18.771679159359707,17.79526,15,0
31,2017,Kirk Cousins,29,WAS,16,64.3,5.0,2.4,194,45.6,7.6,7.5,11.8,255.8,56.2,7.06,1,4,7.0,31,4272,0.1719498637383188,95.31434300518345,16.46414550589124,4.0998816,18,0
32,2017,Alex Smith,33,KAN,15,67.5,5.1,1.0,182,45.6,8.0,8.59,11.9,269.5,65.6,6.48,1,3,9.0,27,4397,-0.0408155403880302,106.16852967724276,12.267225020866748,18.094213,6,0
33,2017,Russell Wilson,29,SEA,16,61.3,6.1,2.0,189,43.8,7.2,7.54,11.7,248.9,62.4,7.21,2,2,9.0,37,4569,2.1077326429789736,95.36381445376058,15.817341350458184,6.484732,14,0
34,2017,Jared Goff,23,LAR,15,62.1,5.9,1.5,177,46.6,8.0,8.49,12.9,253.6,56.3,4.98,1,1,11.0,29,3855,-3.492473101241886,100.21954568056802,14.03441800998434,17.906471,10,0
35,2017,Blake Bortles,25,JAX,16,60.2,4.0,2.5,195,45.2,7.0,6.73,11.7,230.4,59.3,4.39,1,1,10.0,23,4009,-4.675193409510719,88.39704469840395,18.014386886238196,9.504728,16,0
36,2017,Case Keenum,29,MIN,14,67.6,4.6,1.5,180,50.5,7.4,7.63,10.9,236.5,73.3,4.37,1,3,11.0,23,3707,2.613638488848226,96.54278874526813,16.36751617804889,16.535278,8,0
37,2017,Derek Carr,26,OAK,15,62.7,4.3,2.5,168,46.2,6.8,6.51,10.8,233.1,50.4,3.74,1,1,6.0,22,3562,-1.2941840475580997,88.35884480787858,17.982165155693988,2.5405295,16,0
38,2017,Eli Manning,36,NYG,15,61.6,3.3,2.3,172,44.7,6.1,5.71,9.9,231.2,47.6,5.15,0,1,3.0,20,3494,-4.19497475974424,79.1762190832198,19.087734271412195,-9.061699,18,0
39,2017,Dak Prescott,24,DAL,16,62.9,4.5,2.7,162,43.3,6.8,6.49,10.8,207.8,70.0,6.13,0,4,9.0,28,3681,1.50883250585573,88.75444711974285,19.073699986254,-0.26028922,16,0
40,2017,Andy Dalton,30,CIN,16,59.9,5.0,2.4,163,40.9,6.7,6.61,11.2,207.5,44.6,7.29,3,3,7.0,25,3419,-2.746116976861767,86.53299796259273,16.449150196775886,-4.861962,16,0
41,2017,Cam Newton,28,CAR,16,59.1,4.5,3.3,167,43.8,6.7,6.14,11.3,206.4,52.7,6.64,1,3,11.0,28,4056,-1.7619567529539368,82.86456045247701,21.07702864333576,4.3483334,17,0
42,2017,Marcus Mariota,24,TEN,15,62.0,2.9,3.3,149,45.0,7.1,6.22,11.5,215.5,59.0,5.63,3,4,9.0,18,3544,-2.299236372947974,83.69475877996152,14.483405171798026,1.2068007,16,0
43,2017,Joe Flacco,32,BAL,16,64.1,3.3,2.4,163,40.6,5.7,5.31,8.9,196.3,47.1,4.69,0,0,9.0,19,3195,-3.082986594575031,80.55782992161294,13.746247628317516,-6.9006114,13,0
44,2017,Jacoby Brissett,25,IND,15,58.8,2.8,1.5,146,40.1,6.6,6.49,11.2,193.6,44.0,9.98,0,1,4.0,17,3358,-4.848941249394934,82.545346539024,15.101482448427364,-6.017054,10,0
45,2017,DeShone Kizer,21,CLE,15,53.6,2.3,4.6,131,34.2,6.1,4.46,11.3,192.9,32.4,7.39,0,0,0.0,16,3313,-5.53617155088129,60.495475695324245,19.933466289486542,-16.278645,28,0
46,2017,Tyrod Taylor,28,BUF,14,62.6,3.3,1.0,133,42.5,6.7,6.9,10.6,186.6,56.2,9.87,1,2,8.0,18,3226,-3.627299196236582,84.79288843607506,15.244255237315985,3.3238194,6,0
47,2017,Jay Cutler,34,MIA,14,62.0,4.4,3.3,138,44.3,6.2,5.63,10.0,190.4,43.5,4.45,2,3,6.0,19,2698,-4.278721788429778,83.9007927396062,17.620179073517754,-7.389734,14,0
48,2018,Cam Newton,29,CAR,14,67.9,5.1,2.8,180,49.8,7.2,6.99,10.6,242.5,53.2,5.8,2,2,6.0,28,3883,3.15813729995116,95.11845783782113,17.10293507500495,8.465058,13,0
49,2018,Mitchell Trubisky,24,CHI,14,66.6,5.5,2.8,151,48.9,7.4,7.29,11.2,230.2,71.0,5.24,1,2,11.0,27,3644,1.4972907694663058,94.2510643190136,17.377454071475984,19.216581,15,0
50,2018,Ben Roethlisberger,36,PIT,16,67.0,5.0,2.4,248,50.9,7.6,7.54,11.3,320.6,69.6,3.43,2,3,9.0,37,5227,1.3525967703338628,97.34402601770282,17.116993476391514,20.583382,18,0
51,2018,Patrick Mahomes,23,KAN,16,66.0,8.6,2.1,237,54.1,8.8,9.58,13.3,318.6,80.3,4.29,2,2,12.0,52,5369,0.6586753820374339,112.19412636241314,12.507811462440785,34.778133,14,1
52,2018,Matt Ryan,33,ATL,16,69.4,5.8,1.2,236,51.7,8.1,8.73,11.7,307.8,65.7,6.46,1,1,7.0,39,5049,4.601260586911398,107.40192919487168,16.971007771015135,20.009003,12,0
53,2018,Jared Goff,24,LAR,16,64.9,5.7,2.1,233,50.7,8.4,8.53,12.9,293.0,63.6,5.56,4,4,13.0,34,4796,-0.4475406003202281,96.9182917837974,14.445085161040383,20.69862,17,0
54,2018,Andrew Luck,29,IND,16,67.3,6.1,2.3,236,53.0,7.2,7.35,10.7,287.1,69.6,2.74,3,3,10.0,39,4741,0.5765680104744701,98.73859137351523,18.60634296419223,14.65012,16,0
55,2018,Aaron Rodgers,35,GNB,16,62.3,4.2,0.3,200,45.8,7.4,8.13,11.9,277.6,58.0,7.59,3,3,6.0,27,4711,-0.4434166877425749,99.18913414802547,14.084247689198117,12.690447,5,0
56,2018,Tom Brady,41,NWE,16,65.8,5.1,1.9,205,51.8,7.6,7.79,11.6,272.2,68.4,3.55,1,2,11.0,31,4390,-1.9870852589776071,94.8932465739972,14.821613489784829,17.99139,13,0
57,2018,Philip Rivers,37,LAC,16,68.3,6.3,2.4,211,52.0,8.5,8.68,12.4,269.3,67.8,5.93,3,3,12.0,32,4315,2.750738147558164,103.08807349639235,16.76023232235293,22.84119,13,0
58,2018,Eli Manning,37,NYG,16,66.0,3.6,1.9,205,43.0,7.5,7.33,11.3,268.7,49.1,7.54,1,2,5.0,22,4319,-0.0585674622204701,95.75171761831844,19.133835876045097,5.2149234,15,0
59,2018,Kirk Cousins,30,MIN,16,70.1,5.0,1.7,218,49.4,7.1,7.34,10.1,268.6,59.5,6.19,1,0,8.0,31,4421,4.878194558620294,100.20660393014352,12.862160466498665,-0.8970511,17,0
60,2018,Deshaun Watson,23,HOU,16,68.3,5.1,1.8,202,46.4,8.2,8.48,12.1,260.3,61.8,10.93,5,5,11.0,31,4716,2.8378198294620436,100.62856895283149,14.232422971679584,14.317582,12,0
61,2018,Derek Carr,27,OAK,16,68.9,3.4,1.8,197,48.5,7.3,7.2,10.6,253.1,46.5,8.44,3,3,4.0,20,4096,1.6336123670879823,94.20212441264049,13.063676519908006,0.6405085,17,0
62,2018,Drew Brees,39,NOR,15,74.4,6.5,1.0,197,57.3,8.2,9.01,11.0,266.1,79.2,3.36,6,7,13.0,36,4014,7.128701043298037,110.53066795921109,15.950086386899224,31.428656,6,0
63,2018,Case Keenum,30,DEN,16,62.3,3.1,2.6,179,44.5,6.6,6.1,10.7,243.1,44.5,5.48,3,4,6.0,20,3983,-1.641785517614431,81.81396607589677,15.982458690559731,-2.3261034,17,0
64,2018,Dak Prescott,25,DAL,16,67.7,4.2,1.5,184,45.2,7.4,7.54,10.9,242.8,55.2,9.62,3,5,10.0,28,4190,1.9525593476137104,95.89774557644353,17.290592787141577,5.3623857,14,0
65,2018,Matthew Stafford,30,DET,16,66.1,3.8,2.0,197,45.7,6.8,6.67,10.3,236.1,51.3,6.72,0,1,6.0,21,3848,0.8273227014519273,91.69683389600796,16.216221305991155,3.8557172,15,0
66,2018,Russell Wilson,30,SEA,16,65.6,8.2,1.6,156,44.1,8.1,8.98,12.3,215.5,63.3,10.67,2,4,10.0,35,3824,4.186046577772517,109.02342193543346,14.30155130239702,20.974152,9,0
67,2019,Jameis Winston,25,TAM,16,60.7,5.3,4.8,243,46.7,8.2,7.06,13.4,319.3,55.7,6.98,2,2,7.0,34,5359,0.5713254916262128,86.61712205425037,17.19756381387715,8.61019,35,0
68,2019,Dak Prescott,26,DAL,16,65.1,5.0,1.8,229,52.3,8.2,8.4,12.6,306.4,71.9,3.72,0,0,8.0,33,5179,3.0953872393319033,100.88401764881203,17.34445635018324,19.233139,13,0
69,2019,Jared Goff,25,LAR,16,62.9,3.5,2.6,220,47.7,7.4,6.96,11.8,289.9,50.6,3.4,1,2,9.0,24,4678,-3.439237517354599,86.33117797706623,12.403515828865714,8.565216,21,0
70,2019,Philip Rivers,38,LAC,16,66.0,3.9,3.4,217,49.6,7.8,7.06,11.8,288.4,50.5,5.44,1,2,5.0,23,4644,2.750398638764558,91.80630644708744,16.693741936451644,11.478976,23,0
71,2019,Matt Ryan,34,ATL,15,66.2,4.2,2.3,228,46.5,7.3,7.07,10.9,297.7,59.6,7.23,3,2,7.0,27,4613,2.4395616078025752,92.49990160402548,16.418670003983465,6.319277,19,0
72,2019,Russell Wilson,31,SEA,16,66.1,6.0,1.0,190,49.6,8.0,8.73,12.1,256.9,71.5,8.51,4,5,11.0,34,4452,5.287798038137923,107.66400852096032,18.396577265339705,12.356234,7,0
73,2019,Tom Brady,42,NWE,16,60.8,3.9,1.3,193,44.1,6.6,6.81,10.9,253.6,55.7,4.22,1,1,12.0,27,4091,-3.5482272497755165,87.3891534382441,15.288025954002514,6.950703,9,0
74,2019,Derek Carr,28,OAK,16,70.4,4.1,1.6,191,50.7,7.9,8.02,11.2,253.4,64.1,5.35,2,3,7.0,23,4136,2.494068295340973,100.07498879740226,11.85766051426528,14.33749,11,0
75,2019,Carson Wentz,27,PHI,16,63.9,4.4,1.2,213,48.4,6.7,7.02,10.4,252.4,62.8,5.75,2,4,9.0,28,4282,-0.944605823175754,93.62323798684436,15.7398503343137,7.2477274,14,0
76,2019,Patrick Mahomes,24,KAN,14,65.9,5.4,1.0,176,50.9,8.3,8.94,12.6,287.9,77.7,3.39,1,1,11.0,28,4249,-1.9478693209979816,104.73316600408148,12.01912916725778,28.149765,7,0
77,2019,Aaron Rodgers,36,GNB,16,62.0,4.6,0.7,189,44.0,7.0,7.63,11.3,250.1,52.5,5.95,2,3,13.0,27,4185,-1.5543847418112746,96.69943952139964,12.950106642334571,12.504713,8,0
78,2019,Jimmy Garoppolo,28,SFO,16,69.1,5.7,2.7,193,48.6,8.4,8.26,12.1,248.6,60.8,7.03,4,4,13.0,28,4040,1.3782227256939017,99.27962086100948,15.286852406450656,18.571177,18,0
79,2019,Deshaun Watson,24,HOU,15,67.3,5.3,2.4,191,49.4,7.8,7.74,11.6,256.8,70.5,8.16,3,5,10.0,34,4265,1.4129154294824682,99.480719541764,15.562179551389605,16.56697,15,0
80,2019,Baker Mayfield,24,CLE,16,59.4,4.1,3.9,179,42.5,7.2,6.22,12.1,239.2,54.4,6.97,1,1,6.0,25,3968,-3.283469020628067,77.0008236992506,19.064966809852844,2.5670505,23,0
81,2019,Kyler Murray,22,ARI,16,64.4,3.7,2.2,173,43.7,6.9,6.61,10.7,232.6,57.7,8.14,1,2,5.0,24,4266,-3.0304527733596527,88.71445453424448,13.732431884281526,1.8042028,14,0
82,2019,Kirk Cousins,31,MIN,15,69.1,5.9,1.4,165,50.4,8.1,8.68,11.7,240.2,60.4,5.93,1,1,10.0,27,3666,5.453822454586699,104.00962359789624,13.241964350983936,19.086168,9,0
83,2019,Mitchell Trubisky,25,CHI,15,63.2,3.3,1.9,156,43.3,6.1,5.87,9.6,209.2,41.5,6.86,3,3,8.0,19,3331,-1.2778766773797856,84.79898993506414,17.270124312395975,-2.9660935,12,0
84,2019,Lamar Jackson,22,BAL,15,66.1,9.0,1.5,161,50.5,7.8,8.92,11.8,208.5,83.0,5.42,1,2,13.0,43,4333,1.248118148710885,106.08671355336128,15.022570273535662,35.118576,8,1
85,2019,Josh Allen,23,BUF,16,58.8,4.3,2.0,146,41.7,6.7,6.69,11.4,193.1,49.4,7.62,4,5,10.0,29,3599,-3.6925438771462495,86.44813182185779,15.749870776843585,3.59217,13,0
86,2019,Jacoby Brissett,27,IND,15,60.9,4.0,1.3,143,42.8,6.6,6.78,10.8,196.1,52.1,5.7,2,2,7.0,22,3170,-3.6181489732422416,86.58814057511351,17.19114427250073,5.5221853,11,0
87,2020,Deshaun Watson,25,HOU,16,70.2,6.1,1.3,221,54.5,8.9,9.5,12.6,301.4,63.7,8.26,0,0,4.0,36,5267,4.567924549559427,111.80603475719442,14.593236623238043,21.05926,10,0
88,2020,Patrick Mahomes,25,KAN,15,66.3,6.5,1.0,238,54.1,8.1,8.89,12.2,316.0,78.1,3.61,3,3,14.0,40,5048,-1.6588988052684188,106.74401011243974,11.271806931508234,28.849548,8,0
89,2020,Tom Brady,43,TAM,16,65.7,6.6,2.0,233,49.6,7.6,8.02,11.6,289.6,66.0,3.33,3,3,11.0,43,4639,0.7577585682000413,102.17059978845823,15.279191340592323,23.305536,13,0
90,2020,Matt Ryan,35,ATL,16,65.0,4.2,1.8,242,47.8,7.3,7.36,11.3,286.3,59.8,6.15,0,0,4.0,28,4673,0.8488076534162993,92.43147873348914,14.682145500412568,14.007332,14,0
91,2020,Josh Allen,24,BUF,16,69.2,6.5,1.7,228,56.5,7.9,8.45,11.5,284.0,76.6,4.35,2,3,13.0,46,4965,3.671854491468981,104.7150180329758,13.759422830419718,29.506308,16,0
92,2020,Justin Herbert,22,LAC,15,66.6,5.2,1.7,216,47.8,7.3,7.57,10.9,289.1,62.6,5.1,1,3,6.0,36,4570,3.1071351885402967,101.0722800056498,17.775703948339785,16.455715,11,0
93,2020,Aaron Rodgers,37,GNB,16,70.7,9.1,1.0,216,55.3,8.2,9.57,11.6,268.7,79.8,3.66,1,2,13.0,51,4448,2.946151235827495,118.2055878547892,11.074062702070425,35.75062,7,1
94,2020,Kirk Cousins,32,MIN,16,67.6,6.8,2.5,212,51.2,8.3,8.49,12.2,266.6,55.8,7.03,1,3,7.0,36,4421,5.833021057911491,104.46197011749412,16.956277844093357,17.91883,18,0
95,2020,Russell Wilson,32,SEA,16,68.8,7.2,2.3,213,51.4,7.5,7.93,11.0,263.3,67.1,7.77,3,3,12.0,42,4725,3.3235393343503365,102.15270469192257,11.486975723132025,16.426767,17,0
96,2020,Philip Rivers,39,IND,16,68.0,4.4,2.0,200,51.1,7.7,7.65,11.3,260.6,55.0,3.38,2,3,11.0,24,4161,1.651000403067277,97.9301493835505,16.17489828048055,19.502272,12,0
97,2020,Derek Carr,29,LVR,16,67.3,5.2,1.7,192,50.6,7.9,8.2,11.8,256.4,64.3,4.79,3,5,8.0,30,4243,3.054506206194153,101.5896286199428,16.514784817724664,13.990754,17,0
98,2020,Matthew Stafford,32,DET,16,64.2,4.9,1.9,205,47.9,7.7,7.87,12.0,255.3,61.3,6.71,3,4,5.0,26,4196,-1.0768873499014098,96.6888795544234,17.08110923377171,15.080373,11,0
99,2020,Kyler Murray,23,ARI,16,67.2,4.7,2.2,205,48.9,7.1,7.08,10.6,248.2,61.9,4.62,3,4,8.0,37,4790,1.7552030572320834,95.7372904015114,13.036025819230307,10.458641,16,0
100,2020,Jared Goff,26,LAR,15,67.0,3.6,2.4,194,51.8,7.2,6.82,10.7,263.5,50.8,4.0,0,1,9.0,24,4051,0.6838338576489799,92.38098038175956,13.039474246953224,3.3103466,17,0
101,2020,Ryan Tannehill,32,TEN,16,65.5,6.9,1.5,202,52.1,7.9,8.66,12.1,238.7,72.6,4.75,5,6,11.0,40,4085,3.2319946082367146,104.8776640849174,19.72649484903819,30.009403,8,0
102,2020,Ben Roethlisberger,38,PIT,15,65.6,5.4,1.6,193,48.6,6.3,6.6,9.5,253.5,52.5,2.09,4,4,12.0,33,3814,-1.332016102904542,94.54778443701127,16.863590863282337,11.8586035,11,0
103,2020,Teddy Bridgewater,28,CAR,15,69.1,3.0,2.2,174,46.1,7.6,7.19,11.0,248.9,56.8,5.93,0,0,4.0,20,4012,2.2901659483568784,90.75132721572405,13.15444467949943,12.126934,14,0
104,2020,Baker Mayfield,25,CLE,16,62.8,5.3,1.6,188,49.4,7.3,7.66,11.7,222.7,65.5,5.08,2,2,11.0,27,3728,0.5112662648390309,95.4158065540136,13.554955048825718,19.346493,12,0
105,2020,Daniel Jones,23,NYG,14,62.5,2.5,2.2,157,42.8,6.6,6.06,10.5,210.2,54.0,9.13,0,0,5.0,12,3366,1.2460911725919506,81.00657600880761,17.616020073546377,-3.4647505,16,0
106,2020,Lamar Jackson,23,BAL,15,64.4,6.9,2.4,138,46.2,7.3,7.64,11.4,183.8,67.3,7.16,1,1,11.0,33,3762,-1.262633363923047,96.48764719770188,14.2976532347616,17.614653,13,0
107,2020,Cam Newton,31,NWE,15,65.8,2.2,2.7,133,45.9,7.2,6.43,11.0,177.1,39.4,7.77,1,3,7.0,21,3249,-1.9358304213760869,81.29034755085031,12.740304111998372,-1.5785661,11,0
108,2021,Tom Brady,44,TAM,17,67.5,6.0,1.7,269,52.6,7.4,7.84,11.0,312.7,73.1,2.97,3,5,13.0,45,5397,-1.5189178317066854,101.09541401683818,14.01371598458951,19.84027,15,0
109,2021,Justin Herbert,23,LAC,17,65.9,5.7,2.2,256,51.1,7.5,7.59,11.3,294.9,70.9,4.41,5,5,9.0,41,5316,0.2558151135044484,98.47106576207356,16.740591371497036,17.41965,16,0
110,2021,Matthew Stafford,33,LAR,17,67.2,6.8,2.8,233,52.6,8.1,8.22,12.1,287.4,69.2,4.75,3,4,12.0,41,4929,0.2973754292528106,106.86393968857656,12.1196760692398,19.980625,19,0
111,2021,Patrick Mahomes,26,KAN,17,66.3,5.6,2.0,260,53.2,7.4,7.59,11.1,284.6,67.7,4.08,3,3,12.0,39,5220,-1.2197927047297057,102.1151613067188,8.777878449280761,21.493944,17,0
112,2021,Derek Carr,30,LVR,17,68.4,3.7,2.2,217,49.7,7.7,7.4,11.2,282.6,58.4,6.01,3,6,10.0,23,4912,1.631257595642624,92.97036165182958,13.88558628049576,8.70925,19,0
113,2021,Joe Burrow,25,CIN,16,70.4,6.5,2.7,202,47.6,8.9,8.96,12.6,288.2,60.2,8.93,2,3,10.0,36,4729,5.41079899862937,105.52787403879886,17.31244106475028,17.193645,16,0
114,2021,Dak Prescott,28,DAL,16,68.8,6.2,1.7,227,51.4,7.5,7.95,10.9,278.1,60.5,4.79,1,2,11.0,38,4595,1.9157418872160183,102.95642974263876,14.991367461484543,16.45105,16,0
115,2021,Josh Allen,25,BUF,17,63.3,5.6,2.3,234,49.4,6.8,6.89,10.8,259.2,66.3,3.87,0,0,11.0,42,5170,-0.4555558939488115,97.55517106835036,11.75290576425073,16.516829,18,0
116,2021,Kirk Cousins,33,MIN,16,66.3,5.9,1.2,192,46.2,7.5,8.14,11.3,263.8,58.3,4.75,3,4,8.0,34,4336,2.915647454969995,102.4895919035822,15.66655427190356,12.299747,9,0
117,2021,Aaron Rodgers,38,GNB,16,68.9,7.0,0.8,213,50.6,7.7,8.8,11.2,257.2,74.1,5.35,1,2,13.0,40,4216,3.0572084869163993,111.3211453405712,16.2045742499779,25.63164,4,1
118,2021,Matt Ryan,36,ATL,17,67.0,3.6,2.1,195,46.0,7.1,6.84,10.6,233.4,52.2,6.67,3,4,7.0,21,4050,1.2582471152432086,88.35555017948259,16.412853487634187,0.3868904,16,0
119,2021,Jimmy Garoppolo,30,SFO,15,68.3,4.5,2.7,172,50.4,8.6,8.32,12.7,254.0,59.2,6.17,3,3,9.0,23,3861,-0.6693775074876142,95.67630895882222,15.289927951997068,16.668259,15,0
120,2021,Mac Jones,23,NWE,17,67.6,4.2,2.5,177,49.0,7.3,7.02,10.8,223.6,56.9,5.1,1,1,10.0,22,3930,1.4608698265466775,93.62176474600746,14.374141346807765,9.7668,16,0
121,2021,Kyler Murray,24,ARI,14,69.2,5.0,2.1,172,49.6,7.9,7.94,11.4,270.5,63.2,6.05,1,1,9.0,29,4210,2.614242380034717,99.01800876337266,11.645438054870558,14.526256,10,0
122,2021,Ben Roethlisberger,39,PIT,16,64.5,3.6,1.7,188,42.6,6.2,6.17,9.6,233.8,41.3,5.91,6,7,9.0,23,3745,-2.788605415275939,89.01557957084388,18.62421546048965,-2.4352546,15,0
123,2021,Ryan Tannehill,33,TEN,17,67.2,4.0,2.6,192,46.2,7.0,6.64,10.5,219.6,61.8,8.13,3,4,12.0,28,4004,0.9108482984161403,90.24436964719273,15.419095292453918,8.961008,18,0
124,2021,Trevor Lawrence,22,JAX,17,59.6,2.0,2.8,177,44.6,6.0,5.18,10.1,214.2,39.1,5.05,1,2,3.0,14,3975,-4.778548180526371,72.93888784295672,13.125144920588715,-6.674107,22,0
125,2021,Carson Wentz,29,IND,17,62.4,5.2,1.4,165,44.0,6.9,7.34,11.1,209.6,60.6,5.84,0,0,9.0,28,3778,-1.4311726881708888,97.80240149258852,16.45070723946069,6.0755267,12,0
126,2021,Taylor Heinicke,28,WAS,15,65.0,4.0,3.0,167,44.9,6.9,6.36,10.7,213.7,45.8,7.14,3,4,7.0,21,3732,-0.8096118840931437,86.34295446720263,18.51432898339919,-2.0924428,17,0
127,2021,Jared Goff,27,DET,14,67.2,3.8,1.6,162,46.9,6.6,6.61,9.8,231.8,45.5,6.62,2,2,3.0,19,3332,1.189360486764158,92.62704402864614,10.675597029459446,-3.1912744,14,0
128,2021,Jalen Hurts,23,PHI,15,61.3,3.7,2.1,143,43.9,7.3,7.08,11.9,209.6,54.6,5.68,2,2,8.0,26,3928,-0.3190523135884038,85.65128947743474,16.59862193202323,7.81496,11,0
129,2021,Russell Wilson,33,SEA,14,64.8,6.3,1.5,135,44.6,7.8,8.36,12.0,222.4,60.6,7.62,0,1,6.0,27,3296,-0.4053014603808341,103.55278918863704,15.45602977377292,6.048153,7,0
130,2021,Teddy Bridgewater,29,DEN,14,66.9,4.2,1.6,146,46.0,7.2,7.27,10.7,218.0,53.4,6.78,0,1,7.0,20,3158,1.885083145757139,95.41619653445196,12.908201788032786,13.108471,8,0
131,2021,Baker Mayfield,26,CLE,14,60.5,4.1,3.1,143,44.3,7.2,6.61,11.9,215.0,40.9,9.33,0,0,6.0,18,3144,-3.5560058529471763,84.99667171724057,15.690707878262764,2.2042642,16,0
132,2022,Patrick Mahomes,27,KAN,17,67.1,6.3,1.9,272,54.6,8.1,8.53,12.1,308.8,79.0,3.86,4,4,14.0,45,5608,0.100249738697431,107.292552633524,10.39918728758814,28.176235,12,1
133,2022,Justin Herbert,24,LAC,17,68.2,3.6,1.4,228,46.3,6.8,6.85,9.9,278.8,60.2,5.16,4,5,10.0,25,4886,1.6667784537141377,94.17938926717012,14.136956777088768,3.8715415,13,0
134,2022,Tom Brady,45,TAM,17,66.8,3.4,1.2,237,49.5,6.4,6.53,9.6,276.1,54.6,2.91,4,5,8.0,26,4693,-1.3895456026815045,90.89370761445292,14.80013927539686,6.3326187,13,0
135,2022,Kirk Cousins,34,MIN,17,65.9,4.5,2.2,230,46.3,7.1,6.99,10.7,267.5,52.3,6.68,8,8,13.0,31,4644,3.5417774797758654,93.84658637887853,14.296840373556288,6.4536276,17,0
136,2022,Joe Burrow,26,CIN,16,68.3,5.8,2.0,222,50.1,7.4,7.65,10.8,279.7,60.8,6.34,3,4,12.0,40,4732,2.45110501938704,99.97045556231528,15.200854583916003,15.759116,15,0
137,2022,Jared Goff,28,DET,17,65.1,4.9,1.2,227,50.3,7.6,8.01,11.6,261.1,63.3,3.77,3,3,9.0,29,4511,-2.2473035742859757,98.53027460765824,12.446500766120034,17.093355,11,0
138,2022,Josh Allen,26,BUF,16,63.3,6.2,2.5,214,52.2,7.6,7.68,11.9,267.7,73.4,5.5,3,4,13.0,42,5045,-1.4870533178024596,93.9000221372288,12.3042202002601,21.422281,19,0
139,2022,Geno Smith,32,SEA,17,69.8,5.2,1.9,206,48.2,7.5,7.67,10.7,251.9,62.8,7.44,2,3,9.0,31,4648,5.013463322605579,101.43740898812632,13.401818240569243,6.4107566,15,0
140,2022,Trevor Lawrence,23,JAX,17,66.3,4.3,1.4,206,48.1,7.0,7.28,10.6,241.9,56.1,4.42,3,2,9.0,30,4404,-1.03354787567773,92.23055802251211,10.75901702069229,15.673111,17,0
141,2022,Jalen Hurts,24,PHI,15,66.5,4.8,1.3,165,46.4,8.0,8.42,12.1,246.7,68.3,7.63,1,2,14.0,35,4461,2.3529965431811486,100.29880641268625,14.260354264534644,12.566878,8,0
142,2022,Aaron Rodgers,39,GNB,17,64.6,4.8,2.2,177,45.1,6.8,6.78,10.6,217.4,41.3,5.57,3,4,8.0,27,3789,-1.1996906834408567,93.53109497059933,15.095706960029478,3.2622516,16,0
143,2022,Russell Wilson,34,DEN,15,60.5,3.3,2.3,142,36.2,7.3,6.93,12.1,234.9,38.7,10.22,3,3,4.0,19,3801,-3.7529850795289055,86.17191847840844,14.845720459629442,-1.6327606,13,0
144,2022,Derek Carr,31,LVR,15,60.8,4.8,2.8,161,42.3,7.0,6.72,11.5,234.8,57.6,5.1,4,3,6.0,24,3624,-0.7804987449388334,84.58693903630873,19.089866806245873,6.1173587,14,0
145,2022,Daniel Jones,25,NYG,16,67.2,3.2,1.1,156,45.7,6.8,6.95,10.1,200.3,62.9,8.53,4,5,9.0,22,3913,1.6444957856522298,95.08017992141468,13.595253621800326,6.7634115,8,0
146,2022,Davis Mills,24,HOU,15,61.0,3.5,3.1,135,40.0,6.5,5.81,10.7,207.9,35.0,6.08,2,3,3.0,19,3226,-2.328996614086035,78.58483091880457,15.447538068409886,-10.253124,18,0
147,2022,Mac Jones,24,NWE,14,65.2,3.2,2.5,127,41.4,6.8,6.29,10.4,214.1,38.4,7.14,0,0,6.0,15,3099,-1.6336474609766682,85.65071314316324,13.738306097685332,-5.6541843,12,0
148,2022,Andy Dalton,35,NOR,14,66.7,4.8,2.4,135,48.9,7.6,7.48,11.4,205.1,53.1,6.2,1,1,6.0,18,2925,1.0008732721546252,94.58673222713728,15.730310989372244,2.4215024,10,0
149,2022,Justin Fields,23,CHI,15,60.4,5.3,3.5,91,36.7,7.1,6.56,11.7,149.5,56.3,14.75,1,2,3.0,25,3385,-6.020363978873467,85.95483808541523,8.878594058085444,-4.549509,13,0
150,2023,Tua Tagovailoa,25,MIA,17,69.3,5.2,2.5,222,50.8,8.3,8.17,11.9,272.0,61.5,4.92,2,2,11.0,29,4698,0.889819160920225,99.03249471941092,12.410086723686282,18.17875,19,0
151,2023,Jared Goff,29,DET,17,67.3,5.0,2.0,227,50.9,7.6,7.66,11.2,269.1,61.1,4.72,2,3,12.0,32,4596,1.075874281943934,99.53744848702064,12.91199666024302,10.568544,16,0
152,2023,Dak Prescott,30,DAL,17,69.5,6.1,1.5,222,51.5,7.7,8.19,11.0,265.6,73.4,6.2,2,3,12.0,38,4758,4.25273585791834,103.17688205167222,18.176523284656408,24.484777,11,0
153,2023,Josh Allen,27,BUF,17,66.5,5.0,3.1,199,50.7,7.4,7.04,11.2,253.3,70.3,3.98,2,4,11.0,44,4830,0.6973331543750394,93.17849915070973,13.525901667827572,15.501854,22,0
154,2023,Brock Purdy,24,SFO,16,69.4,7.0,2.5,192,54.7,9.6,9.92,13.9,267.5,73.4,5.93,0,0,12.0,33,4424,2.304745274985755,108.554155592561,12.862969254163785,32.52119,13,0
155,2023,Patrick Mahomes,28,KAN,16,67.2,4.5,2.3,206,48.2,7.0,6.86,10.4,261.4,63.9,4.33,1,2,10.0,27,4572,-0.8333612564064159,95.05934216546224,9.633456456473018,10.008705,17,0
156,2023,Jordan Love,25,GNB,17,64.2,5.5,1.9,209,47.6,7.2,7.43,11.2,244.6,62.9,4.93,2,3,9.0,36,4406,-1.1805507655498542,99.25275477748856,15.89227509750483,15.407616,14,0
157,2023,C.J. Stroud,22,HOU,15,63.9,4.6,1.0,188,46.7,8.2,8.7,12.9,273.9,58.3,7.08,1,3,9.0,26,4275,0.6056992466153047,101.57875211262464,14.138670918110542,10.209503,9,0
158,2023,Baker Mayfield,28,TAM,17,64.3,4.9,1.8,188,44.7,7.1,7.34,11.1,237.9,55.1,6.6,1,2,9.0,29,4207,-0.246458774559403,96.08799327577265,16.084042730711296,11.384198,13,0
159,2023,Trevor Lawrence,24,JAX,16,65.6,3.7,2.5,179,46.4,7.1,6.75,10.9,251.0,56.9,5.84,1,2,8.0,25,4355,-0.0993510294134873,89.7056722975808,13.865516570768705,4.7377396,21,0
160,2023,Matthew Stafford,35,LAR,15,62.6,4.6,2.1,187,47.5,7.6,7.58,12.2,264.3,64.2,5.44,1,2,9.0,24,4030,-0.5011028548313606,94.56259268124336,13.736991435754998,10.68365,11,0
161,2023,Sam Howell,23,WAS,17,63.4,3.4,3.4,180,42.7,6.4,5.59,10.2,232.1,43.2,9.6,2,2,4.0,26,4209,-1.0597926870491954,75.4192253643557,15.664607955893084,-10.133103,23,0
162,2023,Derek Carr,32,NOR,17,68.4,4.6,1.5,185,46.8,7.1,7.33,10.3,228.1,57.3,5.35,0,1,9.0,25,3918,4.703234017925596,100.10524592512957,14.259350631142448,6.897212,11,0
163,2023,Jalen Hurts,25,PHI,17,65.4,4.3,2.8,185,46.7,7.2,6.77,11.0,226.9,60.9,6.27,3,4,11.0,38,4463,4.620605558956974,88.88503528177974,15.836368789251225,10.877081,20,0
164,2023,Lamar Jackson,26,BAL,16,67.2,5.3,1.5,167,48.2,8.0,8.41,12.0,229.9,65.4,7.49,1,0,13.0,29,4499,2.7034146325059045,101.54059450266745,11.910932053290422,11.724037,13,1
165,2023,Geno Smith,33,SEA,15,64.7,4.0,1.8,169,47.2,7.3,7.25,11.2,241.6,60.3,5.85,4,5,8.0,21,3779,1.8859495112258131,91.51324829461056,15.135189479424344,9.915853,12,0
166,2023,Russell Wilson,35,DEN,15,66.4,5.8,1.8,135,43.3,6.9,7.23,10.3,204.7,51.5,9.15,4,4,7.0,29,3411,0.8190598370336439,96.93093849129065,12.527202983149047,-1.1977981,13,0
167,2023,Bryce Young,22,CAR,16,59.8,2.1,1.9,133,36.5,5.5,5.02,9.1,179.8,34.1,10.53,2,2,2.0,11,3130,-1.757887310359818,74.23534839721708,11.608421018837769,-18.835642,16,0
168,2024,Joe Burrow,28,CIN,17,70.6,6.6,1.4,253,53.6,7.5,8.24,10.7,289.3,72.1,6.86,1,2,9.0,45,5119,4.3606807495575834,107.56674366895746,15.66570024025631,19.02514,14,0
169,2024,Jared Goff,30,DET,17,72.4,6.9,2.2,236,54.7,8.6,8.96,11.9,272.3,65.4,5.44,4,4,15.0,38,4685,5.654980507884584,111.08738124471196,10.923446368494572,26.970327,12,0
170,2024,Baker Mayfield,29,TAM,17,71.4,7.2,2.8,224,53.9,7.9,8.07,11.1,264.7,58.4,6.56,2,2,10.0,44,4878,2.68484701803449,108.07725553729507,10.504834677421634,20.84569,18,1
171,2024,Geno Smith,34,SEA,17,70.4,3.6,2.6,209,48.4,7.5,7.03,10.6,254.1,50.4,7.96,4,4,10.0,23,4592,4.230452271554695,93.54734474370272,12.105263620787529,6.106949,15,0
172,2024,Sam Darnold,27,MIN,17,66.2,6.4,2.2,207,47.7,7.9,8.22,12.0,254.1,57.3,8.09,3,5,14.0,36,4531,2.9992840204109177,101.77214227227036,14.110407456263092,12.3469,16,1
173,2024,Lamar Jackson,27,BAL,17,66.7,8.6,0.8,198,51.3,8.8,10.15,13.2,245.4,74.8,4.63,2,2,12.0,45,5087,1.5250573063777264,120.40259159428788,10.074523383975546,32.926155,9,0
174,2024,Patrick Mahomes,29,KAN,16,67.5,4.5,1.9,214,50.7,6.8,6.8,10.0,245.5,64.6,5.83,5,7,15.0,28,4235,-1.0834659747291653,93.82903786465634,10.61162478997775,15.658264,11,0
175,2024,Aaron Rodgers,41,NYJ,17,63.0,4.8,1.9,192,43.9,6.7,6.78,10.6,229.2,44.7,6.41,2,3,5.0,28,4004,-4.316127068289237,91.58030385546024,14.17958051316315,3.9063168,13,0
176,2024,Justin Herbert,26,LAC,17,65.9,4.6,0.6,175,44.4,7.7,8.32,11.7,227.6,61.7,7.52,1,2,11.0,25,4176,2.0335275045149266,98.86008848401528,16.546502854792497,15.232037,5,0
177,2024,Brock Purdy,25,SFO,15,65.9,4.4,2.6,178,49.4,8.5,8.18,12.9,257.6,64.8,6.38,1,1,6.0,25,4187,2.635600604809006,96.10354574334372,17.681236455012872,18.776344,15,0
178,2024,Kyler Murray,27,ARI,17,68.8,3.9,2.0,191,51.7,7.1,6.98,10.4,226.5,63.4,5.25,3,3,8.0,26,4423,2.24393937716639,94.99661348962172,16.835023700821054,12.773195,15,0
179,2024,Bo Nix,24,DEN,17,66.3,5.1,2.1,170,43.7,6.7,6.73,10.0,222.1,53.5,4.06,3,3,10.0,34,4205,-2.6690357630290844,93.1552646036108,12.601645282704158,5.023076,12,0
180,2024,Matthew Stafford,36,LAR,16,65.8,3.9,1.5,176,50.1,7.3,7.35,11.1,235.1,61.5,5.14,3,5,10.0,20,3803,-0.5307833487003423,95.62586676902102,13.67691848697726,11.340256,10,0
181,2024,Josh Allen,28,BUF,17,63.6,5.8,1.2,173,49.1,7.7,8.33,12.2,219.5,74.8,2.82,0,2,13.0,41,4262,1.7139237189140863,104.22828013364784,15.694037245198931,31.37576,8,1
182,2024,C.J. Stroud,23,HOU,17,63.2,3.8,2.3,187,43.0,7.0,6.74,11.1,219.2,46.4,8.9,1,2,10.0,20,3960,0.0225630169746441,85.9600292580995,15.860527084817088,1.0010476,16,0
183,2024,Jayden Daniels,24,WAS,17,69.0,5.2,1.9,170,47.1,7.4,7.63,10.8,209.9,67.7,8.92,4,4,12.0,31,4459,1.2371160088980575,100.9620869268722,13.903247742648324,19.202904,9,0
184,2024,Caleb Williams,23,CHI,17,62.5,3.6,1.1,171,40.3,6.3,6.53,10.1,208.3,43.3,10.79,2,1,5.0,20,4030,-1.1537298102925604,87.76009270027538,11.901278783616997,-3.2281146,11,0
185,2024,Kirk Cousins,36,ATL,14,66.9,4.0,3.5,163,46.4,7.7,6.95,11.6,250.6,47.0,5.82,3,3,7.0,18,3508,3.2480594535170733,88.72695392025997,19.525487209999156,6.2351923,18,0
186,2024,Jordan Love,26,GNB,15,63.1,5.9,2.6,151,48.3,8.0,7.99,12.6,225.9,66.3,3.19,2,2,9.0,26,3472,-0.6699309467703256,95.22503498939952,17.10648676001937,17.87143,11,0
187,2024,Jalen Hurts,26,PHI,15,68.7,5.0,1.4,139,46.6,8.0,8.42,11.7,193.5,62.5,9.52,3,4,12.0,32,3533,6.417332723125205,106.17738548739632,17.13341208569944,14.78972,10,0
188,2025,Matthew Stafford,37,LAR,17,65.0,7.7,1.3,236,54.4,7.9,8.82,12.1,276.9,71.2,3.71,1,1,12.0,46,4708,1.0926894431682772,106.38858966090405,19.172293084922405,23.532507,11,1
189,2025,Jared Goff,31,DET,17,68.0,5.9,1.4,223,48.7,7.9,8.45,11.6,268.5,57.3,6.17,1,3,9.0,34,4609,2.203868768441734,105.9478859426786,12.51193651819741,17.53537,13,0
190,2025,Dak Prescott,32,DAL,17,67.3,5.0,1.7,220,48.2,7.6,7.84,11.3,267.8,70.2,4.91,4,3,7.0,32,4729,4.383798700382687,100.6405018916399,19.495391864273557,19.212986,12,0
191,2025,Drake Maye,23,NWE,17,72.0,6.3,1.6,203,54.7,8.9,9.46,12.4,258.5,77.1,8.72,1,2,14.0,35,4844,7.411072529494382,108.70376958537302,16.668005475875756,31.828222,11,0
192,2025,Sam Darnold,28,SEA,17,67.7,5.2,2.9,178,50.0,8.5,8.21,12.5,238.1,55.6,5.36,2,4,14.0,25,4143,3.4716275456891346,100.66927511074454,12.87788925307012,15.455807,20,0
193,2025,Trevor Lawrence,26,JAX,17,60.9,5.2,2.1,194,45.8,7.2,7.23,11.8,235.7,58.3,6.82,3,5,13.0,38,4366,-2.0993233157761004,91.10822370122844,16.83516812118,10.354944,15,0
194,2025,Caleb Williams,24,CHI,17,58.1,4.8,1.2,187,42.9,6.9,7.34,11.9,231.9,58.2,4.05,6,6,11.0,31,4330,-7.231580817457424,87.81461701834574,10.635606713070327,11.135988,8,0
195,2025,Bo Nix,25,DEN,17,63.4,4.1,1.8,196,45.6,6.4,6.43,10.1,231.2,58.3,3.47,5,7,14.0,30,4287,-2.4031626368254972,87.7719495094071,11.013771833928814,10.716334,13,0
196,2025,Justin Herbert,27,LAC,16,66.4,5.1,2.5,175,47.2,7.3,7.15,11.0,232.9,60.6,9.54,3,3,11.0,28,4225,2.503079689346518,93.14925438425384,15.281107616719863,7.5924397,15,0
197,2025,Baker Mayfield,30,TAM,17,63.2,4.8,2.0,172,42.5,6.8,6.85,10.8,217.2,61.3,6.22,4,4,8.0,27,4075,-1.8250426485278557,89.83663654228502,17.300798399776962,8.048147,14,0
198,2025,Josh Allen,29,BUF,17,69.3,5.4,2.2,177,48.2,8.0,8.08,11.5,215.8,65.4,8.0,4,4,12.0,39,4247,0.8985807341533053,101.08951941882415,11.155589110095963,18.948927,13,0
199,2025,Patrick Mahomes,30,KAN,14,62.7,4.4,2.2,173,47.9,7.1,7.04,11.4,256.2,68.5,6.34,1,1,6.0,27,4009,-3.0743321191196675,89.56177363298441,13.076207712594464,17.822098,11,0
200,2025,Jordan Love,27,GNB,15,66.3,5.2,1.4,159,50.2,7.7,8.13,11.6,225.4,72.7,4.57,4,4,9.0,23,3580,3.665739710610738,102.2934114258126,16.303515811265306,28.513014,8,0
201,2025,Aaron Rodgers,42,PIT,16,65.7,4.8,1.4,143,42.9,6.7,7.0,10.2,207.6,44.4,5.5,2,3,10.0,25,3383,-1.8192703668532704,92.78899798961996,14.405552872357552,4.20013,8,0
202,2025,Jalen Hurts,27,PHI,16,64.8,5.5,1.3,150,43.2,7.1,7.61,11.0,201.5,55.2,6.58,1,1,11.0,33,3645,3.164507756954777,98.70274600256786,16.487737061809113,9.917033,10,0
203,2025,Cam Ward,23,TEN,17,59.8,2.8,1.3,153,38.2,5.9,5.84,9.8,186.4,33.2,9.24,1,1,3.0,17,3328,-3.9538524627864184,79.36871129518647,13.044043357861147,-13.474652,14,0
204,2025,C.J. Stroud,24,HOU,14,64.5,4.5,1.9,136,44.4,7.2,7.24,11.1,217.2,61.7,5.16,0,2,9.0,20,3250,0.0986628775317637,89.95480104422678,13.289628221251384,12.668867,8,0
205,2025,Geno Smith,35,LVR,15,67.4,4.2,3.8,148,45.3,6.8,5.89,10.0,201.7,34.1,10.93,0,0,2.0,19,3134,0.9985093565886478,86.42227689848197,14.144493266119904,-9.276381,18,0
206,2025,Bryce Young,24,CAR,16,63.6,4.8,2.3,153,44.2,6.3,6.23,9.9,188.2,47.6,5.35,4,6,8.0,25,3227,-0.5068873582963715,85.56162541773948,12.539886633220329,2.1564412,15,0
207,2025,Tua Tagovailoa,27,MIA,14,67.7,5.2,3.9,142,46.4,6.9,6.21,10.2,190.0,37.5,7.25,1,1,6.0,20,2703,-1.014142145080159,87.35399852093694,13.468634685386604,0.5179153,16,0
